<?xml version="1.0" encoding="UTF-8"?>

<Organization xmlns="http://hl7.org/fhir">
  <id value="ETHOrganizationExample"/>
  <meta>
    <profile value="http://openhie.org/fhir/fhir-ig-eth-training/StructureDefinition/eth-organization"/>
  </meta>
  <text>
    <status value="generated"/><div xmlns="http://www.w3.org/1999/xhtml"><p><b>Generated Narrative: Organization</b><a name="ETHOrganizationExample"> </a></p><div style="display: inline-block; background-color: #d9e0e7; padding: 6px; margin: 4px; border: 1px solid #8da1b4; border-radius: 5px; line-height: 60%"><p style="margin-bottom: 0px">Resource Organization &quot;ETHOrganizationExample&quot; </p><p style="margin-bottom: 0px">Profile: <a href="StructureDefinition-eth-organization.html">Ethiopian Organization</a></p></div><p><b>identifier</b>: id: 141010023, id: NJ1eyPaE2xB</p><p><b>active</b>: true</p><p><b>type</b>: Healthcare Provider <span style="background: LightGoldenRodYellow; margin: 4px; border: 1px solid khaki"> (<a href="http://terminology.hl7.org/5.3.0/CodeSystem-organization-type.html">Organization type</a>#prov)</span></p><p><b>name</b>: Saris Health Center</p><p><b>address</b>: Kebele 12.13 Akaki Kality Addis Ababa </p></div>
  </text>
  <identifier>
    <system value="http://cdr.aacahb.gov.et/MOHId"/>
    <value value="141010023"/>
  </identifier>
  <identifier>
    <system value="http://cdr.aacahb.gov.et/HFUID"/>
    <value value="NJ1eyPaE2xB"/>
  </identifier>
  <active value="true"/>
  <type>
    <coding>
      <system value="http://terminology.hl7.org/CodeSystem/organization-type"/>
      <code value="prov"/>
      <display value="Healthcare Provider"/>
    </coding>
    <text value=" "/>
  </type>
  <name value="Saris Health Center"/>
  <address>
    <line value="Kebele 12.13"/>
    <city value="Akaki Kality"/>
    <district value="Akaki Kality woreda 6"/>
    <state value="Addis Ababa"/>
  </address>
</Organization>