{
  "codeSystems" : [
    {
      "url" : "http://hl7.org/fhir/ValueSet/address-type",
      "version" : "4.0.1",
      "status" : "active",
      "name" : "AddressType",
      "title" : "AddressType",
      "description" : "The type of an address (physical / postal).",
      "systems" : ["http://hl7.org/fhir/address-type"],
      "oids" : ["2.16.840.1.113883.4.642.3.69"],
      "sources" : ["2.16.840.1.113883.4.642.3.69"],
      "uses" : {
      },
      "StructureDefinition-eth-organization.html" : "Ethiopian Organization"
    },
    {
      "url" : "http://hl7.org/fhir/ValueSet/address-use",
      "version" : "4.0.1",
      "status" : "active",
      "name" : "AddressUse",
      "title" : "AddressUse",
      "description" : "The use of an address.",
      "systems" : ["http://hl7.org/fhir/address-use"],
      "oids" : ["2.16.840.1.113883.4.642.3.67"],
      "sources" : ["2.16.840.1.113883.4.642.3.67"],
      "uses" : {
      },
      "StructureDefinition-eth-organization.html" : "Ethiopian Organization"
    },
    {
      "url" : "http://hl7.org/fhir/ValueSet/administrative-gender",
      "version" : "4.0.1",
      "status" : "active",
      "name" : "AdministrativeGender",
      "title" : "AdministrativeGender",
      "description" : "The gender of a person used for administrative purposes.",
      "systems" : ["http://hl7.org/fhir/administrative-gender"],
      "oids" : ["2.16.840.1.113883.4.642.3.1"],
      "sources" : ["2.16.840.1.113883.4.642.3.1"],
      "uses" : {
      },
      "StructureDefinition-eth-patient.html" : "Ethiopian Patient"
    },
    {
      "url" : "http://hl7.org/fhir/ValueSet/contactentity-type",
      "version" : "4.0.1",
      "status" : "draft",
      "name" : "ContactEntityType",
      "title" : "Contact entity type",
      "description" : "This example value set defines a set of codes that can be used to indicate the purpose for which you would contact a contact party.",
      "systems" : ["http://terminology.hl7.org/CodeSystem/contactentity-type"],
      "oids" : ["2.16.840.1.113883.4.642.3.416"],
      "sources" : ["2.16.840.1.113883.4.642.3.416"],
      "uses" : {
      },
      "StructureDefinition-eth-organization.html" : "Ethiopian Organization"
    },
    {
      "url" : "http://hl7.org/fhir/ValueSet/identifier-type",
      "version" : "4.0.1",
      "status" : "active",
      "name" : "Identifier Type Codes",
      "title" : "IdentifierType",
      "description" : "A coded type for an identifier that can be used to determine which identifier to use for a specific purpose.",
      "systems" : ["http://terminology.hl7.org/CodeSystem/v2-0203"],
      "oids" : ["2.16.840.1.113883.4.642.3.45"],
      "sources" : ["2.16.840.1.113883.4.642.3.45"],
      "uses" : {
      },
      "StructureDefinition-eth-organization.html" : "Ethiopian Organization",
      "StructureDefinition-eth-patient.html" : "Ethiopian Patient"
    },
    {
      "url" : "http://hl7.org/fhir/ValueSet/identifier-use",
      "version" : "4.0.1",
      "status" : "active",
      "name" : "IdentifierUse",
      "title" : "IdentifierUse",
      "description" : "Identifies the purpose for this identifier, if known .",
      "systems" : ["http://hl7.org/fhir/identifier-use"],
      "oids" : ["2.16.840.1.113883.4.642.3.57"],
      "sources" : ["2.16.840.1.113883.4.642.3.57"],
      "uses" : {
      },
      "StructureDefinition-eth-organization.html" : "Ethiopian Organization",
      "StructureDefinition-eth-patient.html" : "Ethiopian Patient"
    },
    {
      "url" : "http://hl7.org/fhir/ValueSet/languages",
      "version" : "4.0.1",
      "status" : "draft",
      "name" : "CommonLanguages",
      "title" : "Common Languages",
      "description" : "This value set includes common codes from BCP-47 (http://tools.ietf.org/html/bcp47)",
      "systems" : ["urn:ietf:bcp:47"],
      "oids" : ["2.16.840.1.113883.4.642.3.20"],
      "sources" : ["2.16.840.1.113883.4.642.3.20"],
      "uses" : {
      },
      "StructureDefinition-eth-organization.html" : "Ethiopian Organization",
      "StructureDefinition-eth-patient.html" : "Ethiopian Patient"
    },
    {
      "url" : "http://hl7.org/fhir/ValueSet/link-type",
      "version" : "4.0.1",
      "status" : "active",
      "name" : "LinkType",
      "title" : "LinkType",
      "description" : "The type of link between this patient resource and another patient resource.",
      "systems" : ["http://hl7.org/fhir/link-type"],
      "oids" : ["2.16.840.1.113883.4.642.3.423"],
      "sources" : ["2.16.840.1.113883.4.642.3.423"],
      "uses" : {
      },
      "StructureDefinition-eth-patient.html" : "Ethiopian Patient"
    },
    {
      "url" : "http://hl7.org/fhir/ValueSet/marital-status",
      "version" : "4.0.1",
      "status" : "active",
      "name" : "Marital Status Codes",
      "title" : "MaritalStatus",
      "description" : "This value set defines the set of codes that can be used to indicate the marital status of a person.",
      "systems" : [
        "http://terminology.hl7.org/CodeSystem/v3-MaritalStatus",
        "http://terminology.hl7.org/CodeSystem/v3-NullFlavor"
      ],
      "oids" : ["2.16.840.1.113883.4.642.3.29"],
      "sources" : ["2.16.840.1.113883.4.642.3.29"],
      "uses" : {
      },
      "StructureDefinition-eth-patient.html" : "Ethiopian Patient"
    },
    {
      "url" : "http://hl7.org/fhir/ValueSet/organization-type",
      "version" : "4.0.1",
      "status" : "draft",
      "name" : "OrganizationType",
      "title" : "Organization type",
      "description" : "This example value set defines a set of codes that can be used to indicate a type of organization.",
      "systems" : ["http://terminology.hl7.org/CodeSystem/organization-type"],
      "oids" : ["2.16.840.1.113883.4.642.3.414"],
      "sources" : ["2.16.840.1.113883.4.642.3.414"],
      "uses" : {
      },
      "StructureDefinition-eth-organization.html" : "Ethiopian Organization"
    },
    {
      "url" : "http://hl7.org/fhir/ValueSet/patient-contactrelationship",
      "version" : "4.0.1",
      "status" : "active",
      "name" : "PatientContactRelationship",
      "title" : "Patient Contact Relationship ",
      "description" : "The nature of the relationship between the patient and the contact person.",
      "systems" : ["http://terminology.hl7.org/CodeSystem/v2-0131"],
      "oids" : ["2.16.840.1.113883.4.642.3.1130"],
      "sources" : ["2.16.840.1.113883.4.642.3.1130"],
      "uses" : {
      },
      "StructureDefinition-eth-patient.html" : "Ethiopian Patient"
    },
    {
      "url" : "http://hl7.org/fhir/ValueSet/resource-types",
      "version" : "5.0.0",
      "status" : "active",
      "name" : "ResourceType",
      "title" : "Resource Types",
      "description" : "Concrete FHIR Resource Types",
      "systems" : ["http://hl7.org/fhir/fhir-types"],
      "oids" : ["2.16.840.1.113883.4.642.3.27"],
      "sources" : ["2.16.840.1.113883.4.642.3.27"],
      "uses" : {
      },
      "StructureDefinition-eth-patient.html" : "Ethiopian Patient"
    }
  ]
}
