{
  "resourceType" : "Organization",
  "id" : "ETHOrganizationExample",
  "meta" : {
    "profile" : ["http://openhie.org/fhir/fhir-ig-eth-training/StructureDefinition/eth-organization"]
  },
  "text" : {
    "status" : "generated",
    "div" : "<div xmlns=\"http://www.w3.org/1999/xhtml\"><p><b>Generated Narrative: Organization</b><a name=\"ETHOrganizationExample\"> </a></p><div style=\"display: inline-block; background-color: #d9e0e7; padding: 6px; margin: 4px; border: 1px solid #8da1b4; border-radius: 5px; line-height: 60%\"><p style=\"margin-bottom: 0px\">Resource Organization &quot;ETHOrganizationExample&quot; </p><p style=\"margin-bottom: 0px\">Profile: <a href=\"StructureDefinition-eth-organization.html\">Ethiopian Organization</a></p></div><p><b>identifier</b>: id:\u00a0141010023, id:\u00a0NJ1eyPaE2xB</p><p><b>active</b>: true</p><p><b>type</b>: Healthcare Provider <span style=\"background: LightGoldenRodYellow; margin: 4px; border: 1px solid khaki\"> (<a href=\"http://terminology.hl7.org/5.3.0/CodeSystem-organization-type.html\">Organization type</a>#prov)</span></p><p><b>name</b>: Saris Health Center</p><p><b>address</b>: Kebele 12.13 Akaki Kality Addis Ababa </p></div>"
  },
  "identifier" : [{
    "system" : "http://cdr.aacahb.gov.et/MOHId",
    "value" : "141010023"
  },
  {
    "system" : "http://cdr.aacahb.gov.et/HFUID",
    "value" : "NJ1eyPaE2xB"
  }],
  "active" : true,
  "type" : [{
    "coding" : [{
      "system" : "http://terminology.hl7.org/CodeSystem/organization-type",
      "code" : "prov",
      "display" : "Healthcare Provider"
    }],
    "text" : " "
  }],
  "name" : "Saris Health Center",
  "address" : [{
    "line" : ["Kebele 12.13"],
    "city" : "Akaki Kality",
    "district" : "Akaki Kality woreda 6",
    "state" : "Addis Ababa"
  }]
}